<?xml version="1.0" encoding="UTF-8"?>
<beans xmlns="http://www.springframework.org/schema/beans"
	xmlns:context="http://www.springframework.org/schema/context"
	xmlns:xsi="http://www.w3.org/2001/XMLSchema-instance"
	xmlns:aop="http://www.springframework.org/schema/aop"
	xmlns:tx="http://www.springframework.org/schema/tx"
	xmlns:jpa="http://www.springframework.org/schema/data/jpa"
	xsi:schemaLocation="
        http://www.springframework.org/schema/beans     
        http://www.springframework.org/schema/beans/spring-beans.xsd
        http://www.springframework.org/schema/context 
        http://www.springframework.org/schema/context/spring-context.xsd
        http://www.springframework.org/schema/aop http://www.springframework.org/schema/aop/spring-aop.xsd
             http://www.springframework.org/schema/data/jpa
     http://www.springframework.org/schema/data/jpa/spring-jpa.xsd
     http://www.springframework.org/schema/tx 
     http://www.springframework.org/schema/tx/spring-tx.xsd">
       
    <!-- Component Scan -->
	<context:component-scan base-package="com.training.ltt.dao" />
	
	<!-- To Enable JPA Repository -->
	<jpa:repositories base-package="com.training.ltt.dao" 
			transaction-manager-ref="txManager"></jpa:repositories>

	<bean id="cst_dataSource" 
	                    class="org.springframework.jdbc.datasource.DriverManagerDataSource">
		 <property name="driverClassName" value="com.mysql.cj.jdbc.Driver" />
        <property name="url" value="jdbc:mysql://localhost:3306/springormdemos" />
        <property name="username" value="root" />
        <property name="password" value="root" />
	</bean>
	
	<bean id="entityManagerFactory"	
	               class="org.springframework.orm.jpa.LocalContainerEntityManagerFactoryBean">
		<property name="dataSource" ref="cst_dataSource" />
		<property name="jpaVendorAdapter">
			<bean class="org.springframework.orm.jpa.vendor.HibernateJpaVendorAdapter">
				<property name="showSql" value="true" />
				<property name="generateDdl" value="true" />
				<property name="databasePlatform" value="org.hibernate.dialect.MySQL8Dialect"/>
			</bean>
		</property>
		<property name="packagesToScan" value="com.training.ltt.entity"></property>
	</bean>
	
	
	<tx:annotation-driven  transaction-manager="txManager" />
	<bean id="txManager" class="org.springframework.orm.jpa.JpaTransactionManager">
		<property name="entityManagerFactory" ref="entityManagerFactory" />
	</bean>

</beans>
